<?xml version="1.0" encoding="UTF-8"?>

<!-- SCORM v1.2 format manifest file generated by Microsoft Producer -->

<manifest identifier="MANIFEST"
          xmlns="http://www.imsproject.org/xsd/imscp_rootv1p1p2"
          xmlns:imsmd="http://www.imsglobal.org/xsd/imsmd_rootv1p2p1"
          xmlns:xsi="http://www.w3.org/2001/XMLSchema-instance"
          xmlns:adlcp="http://www.adlnet.org/xsd/adlcp_rootv1p2"
          xsi:schemaLocation="http://www.imsproject.org/xsd/imscp_rootv1p1p2
                               http://www.imsproject.org/xsd/imscp_rootv1p1p2.xsd
                               http://www.imsglobal.org/xsd/imsmd_rootv1p2p1
                               http://www.imsglobal.org/xsd/imsmd_rootv1p2p1.xsd
                               http://www.adlnet.org/xsd/adlcp_rootv1p2
                               http://www.adlnet.org/xsd/adlcp_rootv1p2.xsd">
<metadata>
  <schema>ADL SCORM</schema>
  <schemaversion>1.2</schemaversion>
  <imsmd:lom>
    <imsmd:general>
      <imsmd:title>
        <imsmd:langstring xml:lang="en-US">Jan20</imsmd:langstring>
      </imsmd:title>
      <imsmd:catalogentry>
	      <imsmd:catalog></imsmd:catalog>
	      <imsmd:entry>
	        <imsmd:langstring xml:lang="en-US"></imsmd:langstring>
	      </imsmd:entry>
	    </imsmd:catalogentry>
	    <imsmd:language>en-US</imsmd:language>
	    <imsmd:description>
	      <imsmd:langstring xml:lang="en-US"></imsmd:langstring>
	    </imsmd:description>
	    <imsmd:keyword>
	      <imsmd:langstring xml:lang="en-US"></imsmd:langstring>
	    </imsmd:keyword>
    </imsmd:general>
    <imsmd:lifecycle>
      <imsmd:version>
        <imsmd:langstring xml:lang="en-US"></imsmd:langstring>
      </imsmd:version>
      <imsmd:status>
        <imsmd:source>
          <imsmd:langstring xml:lang="x-none">LOMv1.0</imsmd:langstring>
        </imsmd:source>
        <imsmd:value>
          <imsmd:langstring xml:lang="x-none">Final</imsmd:langstring>
        </imsmd:value>
      </imsmd:status>
      <imsmd:contribute>
        <imsmd:role>
          <imsmd:source>
            <imsmd:langstring xml:lang="x-none">LOMv1.0</imsmd:langstring>
          </imsmd:source>
          <imsmd:value>
            <imsmd:langstring xml:lang="x-none">Author</imsmd:langstring>
          </imsmd:value>
        </imsmd:role>
        <imsmd:centity>
          <imsmd:vcard>
            begin:vcard
            fn: Shalini Khanna
            end:vcard
          </imsmd:vcard>
        </imsmd:centity>
        <imsmd:date>
          <imsmd:datetime>01/20/10</imsmd:datetime>
          <imsmd:description>
            <imsmd:langstring xml:lang="en-US">Date Description</imsmd:langstring>
          </imsmd:description>
         </imsmd:date>
      </imsmd:contribute>
    </imsmd:lifecycle>
    <imsmd:metametadata>
      <imsmd:metadatascheme>LOM-1.0</imsmd:metadatascheme>
    </imsmd:metametadata>
    <imsmd:technical>
      <imsmd:duration>
        <imsmd:datetime>01:36:00</imsmd:datetime>
      </imsmd:duration>
      <imsmd:format>text/html</imsmd:format>
      <imsmd:location type="TEXT"></imsmd:location>
    </imsmd:technical>
    <imsmd:rights>
      <imsmd:cost>
         <imsmd:source>
          <imsmd:langstring xml:lang="x-none">LOMv1.0</imsmd:langstring>
        </imsmd:source>
        <imsmd:value>
          <imsmd:langstring xml:lang="x-none">No</imsmd:langstring>
        </imsmd:value>
      </imsmd:cost>
      <imsmd:copyrightandotherrestrictions>
        <imsmd:source>
          <imsmd:langstring xml:lang="x-none">LOMv1.0</imsmd:langstring>
        </imsmd:source>
        <imsmd:value>
          <imsmd:langstring xml:lang="x-none">No</imsmd:langstring>
        </imsmd:value>
      </imsmd:copyrightandotherrestrictions>
    </imsmd:rights>
    <imsmd:classification>
      <imsmd:purpose>
        <imsmd:source>
          <imsmd:langstring xml:lang="x-none">LOMv1.0</imsmd:langstring>
        </imsmd:source>
        <imsmd:value>
          <imsmd:langstring xml:lang="x-none">Educational Objective</imsmd:langstring>
        </imsmd:value>
      </imsmd:purpose>
      <imsmd:description>
        <imsmd:langstring xml:lang="en-US"></imsmd:langstring>
      </imsmd:description>
      <imsmd:keyword>
        <imsmd:langstring xml:lang="en-US"></imsmd:langstring>
      </imsmd:keyword>
    </imsmd:classification>
  </imsmd:lom>
</metadata>

<organizations default="ProducerPresentation">
  <organization identifier="ProducerPresentation" structure="hierarchical">
    <title>Jan20</title>
    <item identifier="ProducerItem" identifierref="ProducerResources">
      <title>Jan20</title>
    </item>
  </organization>
</organizations>

<resources>
   <resource identifier="ProducerResources" type="webcontent" adlcp:scormtype="sco" href="Jan20.htm">
     <file href="Jan20_files/default/default.css"/>
     <file href="Jan20_files/default/pause_r.gif"/>
     <file href="Jan20_files/default/pause_h.gif"/>
     <file href="Jan20_files/default/pause_d.gif"/>
     <file href="Jan20_files/default/disc_r.gif"/>
     <file href="Jan20_files/default/disc_h.gif"/>
     <file href="Jan20_files/default/disc_d.gif"/>
     <file href="Jan20_files/default/next_r.gif"/>
     <file href="Jan20_files/default/next_h.gif"/>
     <file href="Jan20_files/default/next_d.gif"/>
     <file href="Jan20_files/default/play_r.gif"/>
     <file href="Jan20_files/default/play_h.gif"/>
     <file href="Jan20_files/default/play_d.gif"/>
     <file href="Jan20_files/default/previous_r.gif"/>
     <file href="Jan20_files/default/previous_h.gif"/>
     <file href="Jan20_files/default/previous_d.gif"/>
     <file href="Jan20_files/default/skipforward_r.gif"/>
     <file href="Jan20_files/default/skipforward_h.gif"/>
     <file href="Jan20_files/default/skipforward_d.gif"/>
     <file href="Jan20_files/default/skipback_r.gif"/>
     <file href="Jan20_files/default/skipback_h.gif"/>
     <file href="Jan20_files/default/skipback_d.gif"/>
     <file href="Jan20_files/default/volume_r.gif"/>
     <file href="Jan20_files/default/volume_h.gif"/>
     <file href="Jan20_files/default/volume_d.gif"/>
     <file href="Jan20_files/default/clock.gif"/>
     <file href="Jan20_files/default/marrow.gif"/>
     <file href="Jan20_files/default/parrow.gif"/>
     <file href="Jan20_files/default/back_left.gif"/>
     <file href="Jan20_files/default/back_center.gif"/>
     <file href="Jan20_files/default/back_right.gif"/>
     <file href="Jan20_files/default/Default_simple.css"/>
     <file href="Jan20_files/Sunset.jpg"/>
     <file href="Jan20_files/Water lilies.jpg"/>
     <file href="Jan20_files/art-s_files/art-slide_files/Slide0001.htm"/>
     <file href="Jan20_files/art-s_files/art-slide.htm"/>
     <file href="Jan20_files/art-s_files/art-slide_files/master03_stylesheet.css"/>
     <file href="Jan20_files/art-s_files/art-slide_files/script.js"/>
     <file href="Jan20_files/art-s_files/art-slide_files/master03.xml"/>
     <file href="Jan20_files/art-s_files/art-slide_files/slide0001_image001.jpg"/>
     <file href="Jan20_files/art-s_files/art-slide_files/slide0001_image002.jpg"/>
     <file href="Jan20_files/art-s_files/art-slide_files/slide0001_image003.gif"/>
     <file href="Jan20_files/art-s_files/art-slide_files/slide0001_image004.jpg"/>
     <file href="Jan20_files/art-s_files/art-slide_files/slide0001_image005.gif"/>
     <file href="Jan20_files/art-s_files/thumbnail_files/Slide1.JPG"/>
     <file href="Jan20_files/art-s_files/art-slide_files/Slide0002.htm"/>
     <file href="Jan20_files/art-s_files/art-slide_files/slide0002_image006.jpg"/>
     <file href="Jan20_files/art-s_files/thumbnail_files/Slide2.JPG"/>
     <file href="Jan20_files/art-s_files/art-slide_files/Slide0003.htm"/>
     <file href="Jan20_files/art-s_files/art-slide_files/slide0003_image007.jpg"/>
     <file href="Jan20_files/art-s_files/thumbnail_files/Slide3.JPG"/>
     <file href="Jan20_files/art-s_files/art-slide_files/Slide0004.htm"/>
     <file href="Jan20_files/art-s_files/art-slide_files/slide0004_image008.jpg"/>
     <file href="Jan20_files/art-s_files/thumbnail_files/Slide4.JPG"/>
     <file href="Jan20_files/art-s_files/art-slide_files/Slide0005.htm"/>
     <file href="Jan20_files/art-s_files/art-slide_files/slide0005_image009.jpg"/>
     <file href="Jan20_files/art-s_files/thumbnail_files/Slide5.JPG"/>
     <file href="Jan20_files/art-s_files/art-slide_files/Slide0006.htm"/>
     <file href="Jan20_files/art-s_files/art-slide_files/slide0006_image010.jpg"/>
     <file href="Jan20_files/art-s_files/thumbnail_files/Slide6.JPG"/>
     <file href="Jan20_files/art-s_files/art-slide_files/Slide0007.htm"/>
     <file href="Jan20_files/art-s_files/art-slide_files/slide0007_image011.jpg"/>
     <file href="Jan20_files/art-s_files/art-slide_files/slide0007_image012.gif"/>
     <file href="Jan20_files/art-s_files/thumbnail_files/Slide7.JPG"/>
     <file href="Jan20_files/color_files/colortheory2_files/Slide0001.htm"/>
     <file href="Jan20_files/color_files/colortheory2.htm"/>
     <file href="Jan20_files/color_files/colortheory2_files/master03_stylesheet.css"/>
     <file href="Jan20_files/color_files/colortheory2_files/script.js"/>
     <file href="Jan20_files/color_files/colortheory2_files/master03.xml"/>
     <file href="Jan20_files/color_files/colortheory2_files/sound001.wav"/>
     <file href="Jan20_files/color_files/colortheory2_files/slide0001_image001.gif"/>
     <file href="Jan20_files/color_files/colortheory2_files/slide0001_image002.png"/>
     <file href="Jan20_files/color_files/colortheory2_files/sound002.wav"/>
     <file href="Jan20_files/color_files/colortheory2_files/slide0001_image003.gif"/>
     <file href="Jan20_files/color_files/colortheory2_files/sound003.wav"/>
     <file href="Jan20_files/color_files/colortheory2_files/slide0001_image004.gif"/>
     <file href="Jan20_files/color_files/thumbnail_files/Slide1.JPG"/>
     <file href="Jan20_files/color_files/colortheory2_files/Slide0009.htm"/>
     <file href="Jan20_files/color_files/colortheory2_files/sound004.wav"/>
     <file href="Jan20_files/color_files/colortheory2_files/slide0009_image005.gif"/>
     <file href="Jan20_files/color_files/colortheory2_files/slide0009_image006.gif"/>
     <file href="Jan20_files/color_files/colortheory2_files/slide0009_image007.gif"/>
     <file href="Jan20_files/color_files/thumbnail_files/Slide2.JPG"/>
     <file href="Jan20_files/color_files/colortheory2_files/Slide0005.htm"/>
     <file href="Jan20_files/color_files/colortheory2_files/slide0005_image008.png"/>
     <file href="Jan20_files/color_files/colortheory2_files/slide0005_image009.gif"/>
     <file href="Jan20_files/color_files/colortheory2_files/slide0005_image010.gif"/>
     <file href="Jan20_files/color_files/colortheory2_files/slide0005_image011.gif"/>
     <file href="Jan20_files/color_files/colortheory2_files/slide0005_image012.gif"/>
     <file href="Jan20_files/color_files/thumbnail_files/Slide3.JPG"/>
     <file href="Jan20_files/color_files/colortheory2_files/Slide0002.htm"/>
     <file href="Jan20_files/color_files/colortheory2_files/slide0002_image013.png"/>
     <file href="Jan20_files/color_files/colortheory2_files/slide0002_image014.gif"/>
     <file href="Jan20_files/color_files/colortheory2_files/slide0002_image015.gif"/>
     <file href="Jan20_files/color_files/colortheory2_files/slide0002_image016.gif"/>
     <file href="Jan20_files/color_files/thumbnail_files/Slide4.JPG"/>
     <file href="Jan20_files/color_files/colortheory2_files/Slide0003.htm"/>
     <file href="Jan20_files/color_files/colortheory2_files/slide0003_image017.png"/>
     <file href="Jan20_files/color_files/colortheory2_files/slide0003_image018.gif"/>
     <file href="Jan20_files/color_files/colortheory2_files/slide0003_image019.gif"/>
     <file href="Jan20_files/color_files/colortheory2_files/slide0003_image020.gif"/>
     <file href="Jan20_files/color_files/thumbnail_files/Slide5.JPG"/>
     <file href="Jan20_files/color_files/colortheory2_files/Slide0004.htm"/>
     <file href="Jan20_files/color_files/colortheory2_files/slide0004_image021.png"/>
     <file href="Jan20_files/color_files/colortheory2_files/slide0004_image022.gif"/>
     <file href="Jan20_files/color_files/colortheory2_files/slide0004_image023.gif"/>
     <file href="Jan20_files/color_files/colortheory2_files/slide0004_image024.gif"/>
     <file href="Jan20_files/color_files/thumbnail_files/Slide6.JPG"/>
     <file href="Jan20_files/color_files/colortheory2_files/Slide0007.htm"/>
     <file href="Jan20_files/color_files/colortheory2_files/slide0007_image025.png"/>
     <file href="Jan20_files/color_files/colortheory2_files/slide0007_image026.gif"/>
     <file href="Jan20_files/color_files/colortheory2_files/slide0007_image027.gif"/>
     <file href="Jan20_files/color_files/colortheory2_files/slide0007_image028.gif"/>
     <file href="Jan20_files/color_files/thumbnail_files/Slide7.JPG"/>
     <file href="Jan20_files/color_files/colortheory2_files/Slide0006.htm"/>
     <file href="Jan20_files/color_files/colortheory2_files/slide0006_image029.gif"/>
     <file href="Jan20_files/color_files/colortheory2_files/slide0006_image030.gif"/>
     <file href="Jan20_files/color_files/colortheory2_files/slide0006_image031.gif"/>
     <file href="Jan20_files/color_files/thumbnail_files/Slide8.JPG"/>
     <file href="Jan20_files/color_files/colortheory2_files/Slide0008.htm"/>
     <file href="Jan20_files/color_files/colortheory2_files/slide0008_image032.png"/>
     <file href="Jan20_files/color_files/colortheory2_files/slide0008_image033.gif"/>
     <file href="Jan20_files/color_files/colortheory2_files/slide0008_image034.gif"/>
     <file href="Jan20_files/color_files/colortheory2_files/slide0008_image035.gif"/>
     <file href="Jan20_files/color_files/thumbnail_files/Slide9.JPG"/>
     <file href="Jan20_files/color_files/colortheory2_files/Slide0010.htm"/>
     <file href="Jan20_files/color_files/colortheory2_files/slide0010_image036.png"/>
     <file href="Jan20_files/color_files/colortheory2_files/slide0010_image037.gif"/>
     <file href="Jan20_files/color_files/colortheory2_files/slide0010_image038.gif"/>
     <file href="Jan20_files/color_files/colortheory2_files/slide0010_image039.gif"/>
     <file href="Jan20_files/color_files/thumbnail_files/Slide10.JPG"/>
     <file href="Jan20_files/color_files/colortheory2_files/Slide0011.htm"/>
     <file href="Jan20_files/color_files/colortheory2_files/slide0011_image040.gif"/>
     <file href="Jan20_files/color_files/colortheory2_files/sound005.wav"/>
     <file href="Jan20_files/color_files/colortheory2_files/slide0011_image041.gif"/>
     <file href="Jan20_files/color_files/colortheory2_files/slide0011_image042.gif"/>
     <file href="Jan20_files/color_files/thumbnail_files/Slide11.JPG"/>
     <file href="Jan20_files/color_files/colortheory2_files/Slide0012.htm"/>
     <file href="Jan20_files/color_files/colortheory2_files/slide0012_image043.gif"/>
     <file href="Jan20_files/color_files/colortheory2_files/slide0012_image044.gif"/>
     <file href="Jan20_files/color_files/thumbnail_files/Slide12.JPG"/>
     <file href="Jan20_files/color_files/colortheory2_files/Slide0013.htm"/>
     <file href="Jan20_files/color_files/colortheory2_files/slide0013_image045.gif"/>
     <file href="Jan20_files/color_files/colortheory2_files/slide0013_image046.gif"/>
     <file href="Jan20_files/color_files/colortheory2_files/slide0013_image047.gif"/>
     <file href="Jan20_files/color_files/thumbnail_files/Slide13.JPG"/>
     <file href="Jan20_files/color_files/colortheory2_files/Slide0014.htm"/>
     <file href="Jan20_files/color_files/colortheory2_files/slide0014_image048.png"/>
     <file href="Jan20_files/color_files/colortheory2_files/slide0014_image049.gif"/>
     <file href="Jan20_files/color_files/colortheory2_files/slide0014_image050.gif"/>
     <file href="Jan20_files/color_files/colortheory2_files/slide0014_image051.gif"/>
     <file href="Jan20_files/color_files/thumbnail_files/Slide14.JPG"/>
     <file href="Jan20_files/color_files/colortheory2_files/Slide0015.htm"/>
     <file href="Jan20_files/color_files/colortheory2_files/slide0015_image052.gif"/>
     <file href="Jan20_files/color_files/colortheory2_files/slide0015_image053.gif"/>
     <file href="Jan20_files/color_files/colortheory2_files/slide0015_image054.gif"/>
     <file href="Jan20_files/color_files/thumbnail_files/Slide15.JPG"/>
     <file href="Jan20_files/color_files/colortheory2_files/Slide0016.htm"/>
     <file href="Jan20_files/color_files/colortheory2_files/slide0016_image055.png"/>
     <file href="Jan20_files/color_files/colortheory2_files/slide0016_image056.gif"/>
     <file href="Jan20_files/color_files/colortheory2_files/slide0016_image057.gif"/>
     <file href="Jan20_files/color_files/colortheory2_files/slide0016_image058.gif"/>
     <file href="Jan20_files/color_files/thumbnail_files/Slide16.JPG"/>
     <file href="Jan20_files/color_files/colortheory2_files/Slide0017.htm"/>
     <file href="Jan20_files/color_files/colortheory2_files/slide0017_image059.gif"/>
     <file href="Jan20_files/color_files/colortheory2_files/slide0017_image060.gif"/>
     <file href="Jan20_files/color_files/colortheory2_files/slide0017_image061.gif"/>
     <file href="Jan20_files/color_files/thumbnail_files/Slide17.JPG"/>
     <file href="Jan20_files/color_files/colortheory2_files/Slide0018.htm"/>
     <file href="Jan20_files/color_files/colortheory2_files/slide0018_image062.png"/>
     <file href="Jan20_files/color_files/colortheory2_files/slide0018_image063.gif"/>
     <file href="Jan20_files/color_files/colortheory2_files/slide0018_image064.gif"/>
     <file href="Jan20_files/color_files/colortheory2_files/slide0018_image065.gif"/>
     <file href="Jan20_files/color_files/thumbnail_files/Slide18.JPG"/>
     <file href="Jan20_files/color_files/colortheory2_files/Slide0019.htm"/>
     <file href="Jan20_files/color_files/colortheory2_files/slide0019_image066.gif"/>
     <file href="Jan20_files/color_files/colortheory2_files/slide0019_image067.gif"/>
     <file href="Jan20_files/color_files/colortheory2_files/slide0019_image068.gif"/>
     <file href="Jan20_files/color_files/thumbnail_files/Slide19.JPG"/>
     <file href="Jan20_files/color_files/colortheory2_files/Slide0020.htm"/>
     <file href="Jan20_files/color_files/colortheory2_files/sound006.wav"/>
     <file href="Jan20_files/color_files/colortheory2_files/slide0020_image069.png"/>
     <file href="Jan20_files/color_files/colortheory2_files/slide0020_image070.gif"/>
     <file href="Jan20_files/color_files/colortheory2_files/slide0020_image071.gif"/>
     <file href="Jan20_files/color_files/colortheory2_files/slide0020_image072.gif"/>
     <file href="Jan20_files/color_files/thumbnail_files/Slide20.JPG"/>
     <file href="Jan20_files/color_files/colortheory2_files/Slide0021.htm"/>
     <file href="Jan20_files/color_files/colortheory2_files/slide0021_image073.gif"/>
     <file href="Jan20_files/color_files/colortheory2_files/slide0021_image074.gif"/>
     <file href="Jan20_files/color_files/colortheory2_files/slide0021_image075.gif"/>
     <file href="Jan20_files/color_files/thumbnail_files/Slide21.JPG"/>
     <file href="Jan20_files/color_files/colortheory2_files/Slide0023.htm"/>
     <file href="Jan20_files/color_files/colortheory2_files/slide0023_image076.gif"/>
     <file href="Jan20_files/color_files/colortheory2_files/slide0023_image077.gif"/>
     <file href="Jan20_files/color_files/colortheory2_files/slide0023_image078.gif"/>
     <file href="Jan20_files/color_files/thumbnail_files/Slide22.JPG"/>
     <file href="Jan20_files/color_files/colortheory2_files/Slide0024.htm"/>
     <file href="Jan20_files/color_files/colortheory2_files/slide0024_image079.gif"/>
     <file href="Jan20_files/color_files/colortheory2_files/slide0024_image080.gif"/>
     <file href="Jan20_files/color_files/colortheory2_files/slide0024_image081.gif"/>
     <file href="Jan20_files/color_files/thumbnail_files/Slide23.JPG"/>
     <file href="Jan20_files/theme.css"/>
     <file href="Jan20_files/project.js"/>
     <file href="Jan20_files/projecta.js"/>
     <file href="Jan20.htm"/>
     <file href="Jan20_files/Default.htm"/>
     <file href="Jan20_files/basicstyles.css"/>
     <file href="Jan20_files/gogoprod.js"/>
     <file href="Jan20_files/ClientCaps.js"/>
     <file href="Jan20_files/BWManagement.js"/>
     <file href="Jan20_files/Discussions.js"/>
     <file href="Jan20_files/fdeflt.htm"/>
     <file href="Jan20_files/event.htm"/>
     <file href="Jan20_files/simple.css"/>
     <file href="Jan20_files/AdEdDlg.htm"/>
     <file href="Jan20_files/progressbar.gif"/>
     <file href="Jan20_files/progresbarstatic.gif"/>
     <file href="Jan20_files/edge.gif"/>
     <file href="Jan20_files/producerlogo.gif"/>
     <file href="Jan20_files/intro.htm"/>
     <file href="Jan20_files/Volume.gif"/>
     <file href="Jan20_files/slider.gif"/>
     <file href="Jan20_files/filelist.xml"/>
     <file href="Jan20_files/0Media.asx"/>
     <file href="Jan20_files/0MM0.wmv"/>
   </resource>
</resources>

</manifest>
