<xml xmlns:o="urn:schemas-microsoft-com:office:office">
  <o:File HRef="default/default.css"/>
  <o:File HRef="default/pause_r.gif"/>
  <o:File HRef="default/pause_h.gif"/>
  <o:File HRef="default/pause_d.gif"/>
  <o:File HRef="default/disc_r.gif"/>
  <o:File HRef="default/disc_h.gif"/>
  <o:File HRef="default/disc_d.gif"/>
  <o:File HRef="default/next_r.gif"/>
  <o:File HRef="default/next_h.gif"/>
  <o:File HRef="default/next_d.gif"/>
  <o:File HRef="default/play_r.gif"/>
  <o:File HRef="default/play_h.gif"/>
  <o:File HRef="default/play_d.gif"/>
  <o:File HRef="default/previous_r.gif"/>
  <o:File HRef="default/previous_h.gif"/>
  <o:File HRef="default/previous_d.gif"/>
  <o:File HRef="default/skipforward_r.gif"/>
  <o:File HRef="default/skipforward_h.gif"/>
  <o:File HRef="default/skipforward_d.gif"/>
  <o:File HRef="default/skipback_r.gif"/>
  <o:File HRef="default/skipback_h.gif"/>
  <o:File HRef="default/skipback_d.gif"/>
  <o:File HRef="default/volume_r.gif"/>
  <o:File HRef="default/volume_h.gif"/>
  <o:File HRef="default/volume_d.gif"/>
  <o:File HRef="default/clock.gif"/>
  <o:File HRef="default/marrow.gif"/>
  <o:File HRef="default/parrow.gif"/>
  <o:File HRef="default/back_left.gif"/>
  <o:File HRef="default/back_center.gif"/>
  <o:File HRef="default/back_right.gif"/>
  <o:File HRef="default/Default_simple.css"/>
  <o:File HRef="Sunset.jpg"/>
  <o:File HRef="Water lilies.jpg"/>
  <o:File HRef="art-s_files/art-slide_files/Slide0001.htm"/>
  <o:File HRef="art-s_files/art-slide.htm"/>
  <o:File HRef="art-s_files/art-slide_files/master03_stylesheet.css"/>
  <o:File HRef="art-s_files/art-slide_files/script.js"/>
  <o:File HRef="art-s_files/art-slide_files/master03.xml"/>
  <o:File HRef="art-s_files/art-slide_files/slide0001_image001.jpg"/>
  <o:File HRef="art-s_files/art-slide_files/slide0001_image002.jpg"/>
  <o:File HRef="art-s_files/art-slide_files/slide0001_image003.gif"/>
  <o:File HRef="art-s_files/art-slide_files/slide0001_image004.jpg"/>
  <o:File HRef="art-s_files/art-slide_files/slide0001_image005.gif"/>
  <o:File HRef="art-s_files/thumbnail_files/Slide1.JPG"/>
  <o:File HRef="art-s_files/art-slide_files/Slide0002.htm"/>
  <o:File HRef="art-s_files/art-slide_files/slide0002_image006.jpg"/>
  <o:File HRef="art-s_files/thumbnail_files/Slide2.JPG"/>
  <o:File HRef="art-s_files/art-slide_files/Slide0003.htm"/>
  <o:File HRef="art-s_files/art-slide_files/slide0003_image007.jpg"/>
  <o:File HRef="art-s_files/thumbnail_files/Slide3.JPG"/>
  <o:File HRef="art-s_files/art-slide_files/Slide0004.htm"/>
  <o:File HRef="art-s_files/art-slide_files/slide0004_image008.jpg"/>
  <o:File HRef="art-s_files/thumbnail_files/Slide4.JPG"/>
  <o:File HRef="art-s_files/art-slide_files/Slide0005.htm"/>
  <o:File HRef="art-s_files/art-slide_files/slide0005_image009.jpg"/>
  <o:File HRef="art-s_files/thumbnail_files/Slide5.JPG"/>
  <o:File HRef="art-s_files/art-slide_files/Slide0006.htm"/>
  <o:File HRef="art-s_files/art-slide_files/slide0006_image010.jpg"/>
  <o:File HRef="art-s_files/thumbnail_files/Slide6.JPG"/>
  <o:File HRef="art-s_files/art-slide_files/Slide0007.htm"/>
  <o:File HRef="art-s_files/art-slide_files/slide0007_image011.jpg"/>
  <o:File HRef="art-s_files/art-slide_files/slide0007_image012.gif"/>
  <o:File HRef="art-s_files/thumbnail_files/Slide7.JPG"/>
  <o:File HRef="color_files/colortheory2_files/Slide0001.htm"/>
  <o:File HRef="color_files/colortheory2.htm"/>
  <o:File HRef="color_files/colortheory2_files/master03_stylesheet.css"/>
  <o:File HRef="color_files/colortheory2_files/script.js"/>
  <o:File HRef="color_files/colortheory2_files/master03.xml"/>
  <o:File HRef="color_files/colortheory2_files/sound001.wav"/>
  <o:File HRef="color_files/colortheory2_files/slide0001_image001.gif"/>
  <o:File HRef="color_files/colortheory2_files/slide0001_image002.png"/>
  <o:File HRef="color_files/colortheory2_files/sound002.wav"/>
  <o:File HRef="color_files/colortheory2_files/slide0001_image003.gif"/>
  <o:File HRef="color_files/colortheory2_files/sound003.wav"/>
  <o:File HRef="color_files/colortheory2_files/slide0001_image004.gif"/>
  <o:File HRef="color_files/thumbnail_files/Slide1.JPG"/>
  <o:File HRef="color_files/colortheory2_files/Slide0009.htm"/>
  <o:File HRef="color_files/colortheory2_files/sound004.wav"/>
  <o:File HRef="color_files/colortheory2_files/slide0009_image005.gif"/>
  <o:File HRef="color_files/colortheory2_files/slide0009_image006.gif"/>
  <o:File HRef="color_files/colortheory2_files/slide0009_image007.gif"/>
  <o:File HRef="color_files/thumbnail_files/Slide2.JPG"/>
  <o:File HRef="color_files/colortheory2_files/Slide0005.htm"/>
  <o:File HRef="color_files/colortheory2_files/slide0005_image008.png"/>
  <o:File HRef="color_files/colortheory2_files/slide0005_image009.gif"/>
  <o:File HRef="color_files/colortheory2_files/slide0005_image010.gif"/>
  <o:File HRef="color_files/colortheory2_files/slide0005_image011.gif"/>
  <o:File HRef="color_files/colortheory2_files/slide0005_image012.gif"/>
  <o:File HRef="color_files/thumbnail_files/Slide3.JPG"/>
  <o:File HRef="color_files/colortheory2_files/Slide0002.htm"/>
  <o:File HRef="color_files/colortheory2_files/slide0002_image013.png"/>
  <o:File HRef="color_files/colortheory2_files/slide0002_image014.gif"/>
  <o:File HRef="color_files/colortheory2_files/slide0002_image015.gif"/>
  <o:File HRef="color_files/colortheory2_files/slide0002_image016.gif"/>
  <o:File HRef="color_files/thumbnail_files/Slide4.JPG"/>
  <o:File HRef="color_files/colortheory2_files/Slide0003.htm"/>
  <o:File HRef="color_files/colortheory2_files/slide0003_image017.png"/>
  <o:File HRef="color_files/colortheory2_files/slide0003_image018.gif"/>
  <o:File HRef="color_files/colortheory2_files/slide0003_image019.gif"/>
  <o:File HRef="color_files/colortheory2_files/slide0003_image020.gif"/>
  <o:File HRef="color_files/thumbnail_files/Slide5.JPG"/>
  <o:File HRef="color_files/colortheory2_files/Slide0004.htm"/>
  <o:File HRef="color_files/colortheory2_files/slide0004_image021.png"/>
  <o:File HRef="color_files/colortheory2_files/slide0004_image022.gif"/>
  <o:File HRef="color_files/colortheory2_files/slide0004_image023.gif"/>
  <o:File HRef="color_files/colortheory2_files/slide0004_image024.gif"/>
  <o:File HRef="color_files/thumbnail_files/Slide6.JPG"/>
  <o:File HRef="color_files/colortheory2_files/Slide0007.htm"/>
  <o:File HRef="color_files/colortheory2_files/slide0007_image025.png"/>
  <o:File HRef="color_files/colortheory2_files/slide0007_image026.gif"/>
  <o:File HRef="color_files/colortheory2_files/slide0007_image027.gif"/>
  <o:File HRef="color_files/colortheory2_files/slide0007_image028.gif"/>
  <o:File HRef="color_files/thumbnail_files/Slide7.JPG"/>
  <o:File HRef="color_files/colortheory2_files/Slide0006.htm"/>
  <o:File HRef="color_files/colortheory2_files/slide0006_image029.gif"/>
  <o:File HRef="color_files/colortheory2_files/slide0006_image030.gif"/>
  <o:File HRef="color_files/colortheory2_files/slide0006_image031.gif"/>
  <o:File HRef="color_files/thumbnail_files/Slide8.JPG"/>
  <o:File HRef="color_files/colortheory2_files/Slide0008.htm"/>
  <o:File HRef="color_files/colortheory2_files/slide0008_image032.png"/>
  <o:File HRef="color_files/colortheory2_files/slide0008_image033.gif"/>
  <o:File HRef="color_files/colortheory2_files/slide0008_image034.gif"/>
  <o:File HRef="color_files/colortheory2_files/slide0008_image035.gif"/>
  <o:File HRef="color_files/thumbnail_files/Slide9.JPG"/>
  <o:File HRef="color_files/colortheory2_files/Slide0010.htm"/>
  <o:File HRef="color_files/colortheory2_files/slide0010_image036.png"/>
  <o:File HRef="color_files/colortheory2_files/slide0010_image037.gif"/>
  <o:File HRef="color_files/colortheory2_files/slide0010_image038.gif"/>
  <o:File HRef="color_files/colortheory2_files/slide0010_image039.gif"/>
  <o:File HRef="color_files/thumbnail_files/Slide10.JPG"/>
  <o:File HRef="color_files/colortheory2_files/Slide0011.htm"/>
  <o:File HRef="color_files/colortheory2_files/slide0011_image040.gif"/>
  <o:File HRef="color_files/colortheory2_files/sound005.wav"/>
  <o:File HRef="color_files/colortheory2_files/slide0011_image041.gif"/>
  <o:File HRef="color_files/colortheory2_files/slide0011_image042.gif"/>
  <o:File HRef="color_files/thumbnail_files/Slide11.JPG"/>
  <o:File HRef="color_files/colortheory2_files/Slide0012.htm"/>
  <o:File HRef="color_files/colortheory2_files/slide0012_image043.gif"/>
  <o:File HRef="color_files/colortheory2_files/slide0012_image044.gif"/>
  <o:File HRef="color_files/thumbnail_files/Slide12.JPG"/>
  <o:File HRef="color_files/colortheory2_files/Slide0013.htm"/>
  <o:File HRef="color_files/colortheory2_files/slide0013_image045.gif"/>
  <o:File HRef="color_files/colortheory2_files/slide0013_image046.gif"/>
  <o:File HRef="color_files/colortheory2_files/slide0013_image047.gif"/>
  <o:File HRef="color_files/thumbnail_files/Slide13.JPG"/>
  <o:File HRef="color_files/colortheory2_files/Slide0014.htm"/>
  <o:File HRef="color_files/colortheory2_files/slide0014_image048.png"/>
  <o:File HRef="color_files/colortheory2_files/slide0014_image049.gif"/>
  <o:File HRef="color_files/colortheory2_files/slide0014_image050.gif"/>
  <o:File HRef="color_files/colortheory2_files/slide0014_image051.gif"/>
  <o:File HRef="color_files/thumbnail_files/Slide14.JPG"/>
  <o:File HRef="color_files/colortheory2_files/Slide0015.htm"/>
  <o:File HRef="color_files/colortheory2_files/slide0015_image052.gif"/>
  <o:File HRef="color_files/colortheory2_files/slide0015_image053.gif"/>
  <o:File HRef="color_files/colortheory2_files/slide0015_image054.gif"/>
  <o:File HRef="color_files/thumbnail_files/Slide15.JPG"/>
  <o:File HRef="color_files/colortheory2_files/Slide0016.htm"/>
  <o:File HRef="color_files/colortheory2_files/slide0016_image055.png"/>
  <o:File HRef="color_files/colortheory2_files/slide0016_image056.gif"/>
  <o:File HRef="color_files/colortheory2_files/slide0016_image057.gif"/>
  <o:File HRef="color_files/colortheory2_files/slide0016_image058.gif"/>
  <o:File HRef="color_files/thumbnail_files/Slide16.JPG"/>
  <o:File HRef="color_files/colortheory2_files/Slide0017.htm"/>
  <o:File HRef="color_files/colortheory2_files/slide0017_image059.gif"/>
  <o:File HRef="color_files/colortheory2_files/slide0017_image060.gif"/>
  <o:File HRef="color_files/colortheory2_files/slide0017_image061.gif"/>
  <o:File HRef="color_files/thumbnail_files/Slide17.JPG"/>
  <o:File HRef="color_files/colortheory2_files/Slide0018.htm"/>
  <o:File HRef="color_files/colortheory2_files/slide0018_image062.png"/>
  <o:File HRef="color_files/colortheory2_files/slide0018_image063.gif"/>
  <o:File HRef="color_files/colortheory2_files/slide0018_image064.gif"/>
  <o:File HRef="color_files/colortheory2_files/slide0018_image065.gif"/>
  <o:File HRef="color_files/thumbnail_files/Slide18.JPG"/>
  <o:File HRef="color_files/colortheory2_files/Slide0019.htm"/>
  <o:File HRef="color_files/colortheory2_files/slide0019_image066.gif"/>
  <o:File HRef="color_files/colortheory2_files/slide0019_image067.gif"/>
  <o:File HRef="color_files/colortheory2_files/slide0019_image068.gif"/>
  <o:File HRef="color_files/thumbnail_files/Slide19.JPG"/>
  <o:File HRef="color_files/colortheory2_files/Slide0020.htm"/>
  <o:File HRef="color_files/colortheory2_files/sound006.wav"/>
  <o:File HRef="color_files/colortheory2_files/slide0020_image069.png"/>
  <o:File HRef="color_files/colortheory2_files/slide0020_image070.gif"/>
  <o:File HRef="color_files/colortheory2_files/slide0020_image071.gif"/>
  <o:File HRef="color_files/colortheory2_files/slide0020_image072.gif"/>
  <o:File HRef="color_files/thumbnail_files/Slide20.JPG"/>
  <o:File HRef="color_files/colortheory2_files/Slide0021.htm"/>
  <o:File HRef="color_files/colortheory2_files/slide0021_image073.gif"/>
  <o:File HRef="color_files/colortheory2_files/slide0021_image074.gif"/>
  <o:File HRef="color_files/colortheory2_files/slide0021_image075.gif"/>
  <o:File HRef="color_files/thumbnail_files/Slide21.JPG"/>
  <o:File HRef="color_files/colortheory2_files/Slide0023.htm"/>
  <o:File HRef="color_files/colortheory2_files/slide0023_image076.gif"/>
  <o:File HRef="color_files/colortheory2_files/slide0023_image077.gif"/>
  <o:File HRef="color_files/colortheory2_files/slide0023_image078.gif"/>
  <o:File HRef="color_files/thumbnail_files/Slide22.JPG"/>
  <o:File HRef="color_files/colortheory2_files/Slide0024.htm"/>
  <o:File HRef="color_files/colortheory2_files/slide0024_image079.gif"/>
  <o:File HRef="color_files/colortheory2_files/slide0024_image080.gif"/>
  <o:File HRef="color_files/colortheory2_files/slide0024_image081.gif"/>
  <o:File HRef="color_files/thumbnail_files/Slide23.JPG"/>
  <o:File HRef="theme.css"/>
  <o:File HRef="project.js"/>
  <o:File HRef="projecta.js"/>
  <o:MainFile HRef="../Jan20.htm"/>
  <o:File HRef="Default.htm"/>
  <o:File HRef="basicstyles.css"/>
  <o:File HRef="gogoprod.js"/>
  <o:File HRef="ClientCaps.js"/>
  <o:File HRef="BWManagement.js"/>
  <o:File HRef="Discussions.js"/>
  <o:File HRef="fdeflt.htm"/>
  <o:File HRef="event.htm"/>
  <o:File HRef="simple.css"/>
  <o:File HRef="AdEdDlg.htm"/>
  <o:File HRef="progressbar.gif"/>
  <o:File HRef="progresbarstatic.gif"/>
  <o:File HRef="edge.gif"/>
  <o:File HRef="producerlogo.gif"/>
  <o:File HRef="intro.htm"/>
  <o:File HRef="Volume.gif"/>
  <o:File HRef="slider.gif"/>
  <o:File HRef="filelist.xml"/>
  <o:File HRef="0Media.asx"/>
  <o:File HRef="0MM0.wmv"/>
</xml>
